id,job_id,description,quantity,price,total,created_at
12bc1501-238d-4d64-baeb-52663f66b5ed,0539d4a7-7ed9-4449-ac25-3031c10939d1,30 item unit,1,30.00,30.00,2025-07-25 06:06:17.008352+00
f7af367a-5533-492f-9a81-661c64ad3742,0539d4a7-7ed9-4449-ac25-3031c10939d1,Adult items discounted,2,0.90,1.80,2025-07-25 06:06:17.008352+00
7cdb482a-5f13-4e7d-aaba-47e7c00b7730,0539d4a7-7ed9-4449-ac25-3031c10939d1,Dress shirt,1,1.75,1.75,2025-07-25 06:06:17.008352+00
3b988688-f845-4e47-8b9e-c9a2133663c2,0539d4a7-7ed9-4449-ac25-3031c10939d1,Collection service,1,1.00,1.00,2025-07-25 06:06:17.008352+00
3ade3e44-77cf-499d-900d-7ddd91eed0e6,05ac9a55-13e6-4ca5-8229-aaf173f25f01,Full offices clean,2,17.50,35.00,2025-07-31 12:15:44.901799+00
e1909d03-f4aa-430e-9ae6-ac918bba2076,0cb858a7-fd4b-4b2d-b877-df9b1b6fe1b9,Full office clean,1,35.00,35.00,2025-07-31 12:14:59.791201+00
baf68289-243c-45dc-af03-058f7d9d9f5e,11360540-abbd-426e-a215-15057b455eea,Work cleaning,2,17.50,35.00,2025-10-03 09:47:24.389234+00
2700a172-6389-4995-95d0-02c28293e3d9,1577b263-3da2-438f-9f99-64aba3046b96,House cleaning,4,17.00,68.00,2025-07-31 12:15:34.186005+00
999831df-a0e4-48ac-85eb-83bda473752a,1b0a6537-3a6a-4dd9-9c4b-f2678db2b93f,Adult items,21,1.00,21.00,2025-09-11 19:18:01.81922+00
27ccd519-ade0-43db-84f9-21bc99274a57,1b0a6537-3a6a-4dd9-9c4b-f2678db2b93f,Shirts,2,1.75,3.50,2025-09-11 19:18:01.81922+00
f2f27456-e2ce-40ed-82ba-7e6c38f34ca5,200a0303-82d7-41df-8749-2921938869d0,Adults,16,1.00,16.00,2025-07-31 12:16:16.142937+00
e1b5e608-5167-46d1-a730-9fea187b402f,200a0303-82d7-41df-8749-2921938869d0,Kids,12,0.50,6.00,2025-07-31 12:16:16.142937+00
4f51f016-eb80-4b80-8f4e-f3a17d914fac,200a0303-82d7-41df-8749-2921938869d0,Delivery,1,1.00,1.00,2025-07-31 12:16:16.142937+00
519893e0-bbb1-4cd5-89ad-4ddff02ef7a8,2266f944-82ee-4101-b460-2803be81302b,House clean,4,17.00,68.00,2025-09-03 18:46:55.930427+00
66403719-f535-4df4-87db-52d85237eccb,24b4a9ff-9ad8-47fe-84ba-d1caf4fd9216,Adult items,15,1.00,15.00,2025-10-12 07:57:46.190282+00
938905f9-016a-44cf-b9ec-26655d2579eb,24b4a9ff-9ad8-47fe-84ba-d1caf4fd9216,King set bedding,1,8.00,8.00,2025-10-12 07:57:46.190282+00
6a2c21a8-83a0-4e67-ae4c-2ac77391b56b,24b4a9ff-9ad8-47fe-84ba-d1caf4fd9216,Pick up and delivery,2,1.00,2.00,2025-10-12 07:57:46.190282+00
9a3c1c01-3559-4fcb-a9aa-c6b9984616c5,250d1294-ac76-48b4-80b1-ab1cc4587df5,Adults items,13,1.00,13.00,2025-10-26 19:14:09.974467+00
32f4a7d1-736a-4252-834c-d6fa99ed8a3e,250d1294-ac76-48b4-80b1-ab1cc4587df5,Pick up and drop off,2,1.00,2.00,2025-10-26 19:14:09.974467+00
8153c8f1-6498-4d02-9f6a-80670b963e36,250d1294-ac76-48b4-80b1-ab1cc4587df5,Shirts,4,1.75,7.00,2025-10-26 19:14:09.974467+00
cca01ec2-5b6f-420c-ab75-dc44b648a83b,255e918a-6b65-4cde-966a-a08ed49bc70f,Tshirts,29,1.00,29.00,2025-09-09 06:24:12.715451+00
eae8e0d2-e961-4b69-bcf1-ee4c086db67f,255e918a-6b65-4cde-966a-a08ed49bc70f,Pick up and deliver,2,1.00,2.00,2025-09-09 06:24:12.715451+00
6a3af81d-f6ab-4455-aa8a-f1bf3079543e,25cd93c0-00c0-4f47-afdd-ee656522fa6f,Office,1,17.50,17.50,2025-10-03 09:47:53.530392+00
1d30ff04-0ed4-4bac-a050-e320b488db23,2b250159-4af5-4ff7-a074-80a6f9cae56d,Adults,5,1.00,5.00,2025-10-03 09:47:12.340228+00
92c912b2-b64f-43cd-b525-930b1b448794,30b8fdec-821d-4521-b137-25764db4ea5a,Adults,10,3.00,30.00,2025-07-25 06:09:32.446751+00
f9c67179-17c0-4000-a900-f2b04772f401,30b8fdec-821d-4521-b137-25764db4ea5a,Kids,10,0.40,4.00,2025-07-25 06:09:32.446751+00
fee88f9a-f819-47f7-8658-b1fa9a3ff185,30b8fdec-821d-4521-b137-25764db4ea5a,Pickup - Delivery,2,1.00,2.00,2025-07-25 06:09:32.446751+00
7f5e4718-ea92-4709-8c5e-d05c00ede01a,380733c7-a0bf-47f0-b728-4cf0bf415856,House cleaning,2,20.00,40.00,2025-07-25 06:08:40.789971+00
4b0a316e-4c66-4f5a-8b92-987c9a2a7472,3d426beb-a82c-4ba8-9c4a-6f618a8d3667,Adults,7,1.00,7.00,2025-07-31 12:14:47.913511+00
eb1d82fe-5653-41ff-a23a-1ac53602d83e,3d426beb-a82c-4ba8-9c4a-6f618a8d3667,Childrens,12,0.50,6.00,2025-07-31 12:14:47.913511+00
b41c0db4-5119-4a69-8781-a87e242e17ff,3d426beb-a82c-4ba8-9c4a-6f618a8d3667,Dress shirt,1,1.75,1.75,2025-07-31 12:14:47.913511+00
a6a5a701-8bb7-4075-8038-1bc0bef0a73c,400bb8fe-336b-4eb3-b338-612ff191c221,Main house clean,3,17.00,51.00,2025-10-03 09:48:28.85098+00
76f01590-5cb1-47c1-b2dc-04d03f55e0b8,41011ee1-e84e-40fd-9f1e-2f6e90d7643d,Adults,31,1.00,31.00,2025-07-25 06:07:56.559277+00
38a15b2a-34a3-45f3-8edf-f69f3ea931e6,41011ee1-e84e-40fd-9f1e-2f6e90d7643d,Mens shirts,6,1.75,10.50,2025-07-25 06:07:56.559277+00
c7712d2f-54e1-4b77-a803-0e81c5bb530f,41011ee1-e84e-40fd-9f1e-2f6e90d7643d,Dresses,7,1.75,12.25,2025-07-25 06:07:56.559277+00
9ce55841-6640-4d61-a2e4-9b89205b5b15,41011ee1-e84e-40fd-9f1e-2f6e90d7643d,Pickup,1,1.00,1.00,2025-07-25 06:07:56.559277+00
3e3e5785-56a3-4d4c-aa92-f6b4b11d366e,41011ee1-e84e-40fd-9f1e-2f6e90d7643d,incorrect price over charged,1,2.30,2.30,2025-07-25 06:07:56.559277+00
7c329623-6b92-442e-b3c9-bcb6561e4752,4164a05b-bdee-4cc8-aa2b-70d1d9915db5,Adults,22,1.00,22.00,2025-10-12 07:58:41.791873+00
f1178c8d-5d36-4982-870e-92bc28321a4b,420884ca-f337-402b-ba87-461c3ebbb780,general clean,2,17.50,35.00,2025-10-03 09:48:40.543573+00
3711348f-b353-4cc2-937b-0406ab4a4c76,48a55214-8baf-41b9-be65-b6c07fdab648,King bedding,1,8.00,8.00,2025-09-11 19:17:40.266007+00
39699557-da08-4592-911c-b0d927fa5df1,48a55214-8baf-41b9-be65-b6c07fdab648,Delivery,1,1.00,1.00,2025-09-11 19:17:40.266007+00
57221b17-e83f-4e92-8fe9-095da91e4963,48a55214-8baf-41b9-be65-b6c07fdab648,Adults clothes,18,1.00,18.00,2025-09-11 19:17:40.266007+00
e3d03bc2-1f1c-4c93-af8a-4afb0f419bff,590eea89-7201-4865-9c8a-b1b141552f23,Shirts,7,1.75,12.25,2025-08-25 15:16:52.273885+00
190217a4-6bf5-40ce-bb57-b74a51023157,590eea89-7201-4865-9c8a-b1b141552f23,Formal trouser,2,1.75,3.50,2025-08-25 15:16:52.273885+00
37e5881f-0184-4b17-8078-d8e5a04d0995,590eea89-7201-4865-9c8a-b1b141552f23,Adult items,17,1.00,17.00,2025-08-25 15:16:52.273885+00
1437a6ab-3a9a-4c5f-95d3-2922fd25ac0d,590eea89-7201-4865-9c8a-b1b141552f23,Pickup and Delivery,2,1.00,2.00,2025-08-25 15:16:52.273885+00
197004f9-cf13-4f36-ba3e-6e4c2be6d9d3,5dcd6b89-b9f6-413d-90a7-96fd02cb775a,Office cleaning,2,17.50,35.00,2025-09-03 18:46:12.847188+00
4eebe01c-e7ab-4e8b-a008-0c533a24c198,5e2e9075-54b8-4479-80b4-93793cf46818,Adults,33,0.90,29.70,2025-07-25 06:08:09.074342+00
c827c659-d9d5-43e5-a617-db3a407fa339,5e2e9075-54b8-4479-80b4-93793cf46818,Mens shirts,7,1.75,12.25,2025-07-25 06:08:09.074342+00
68deea7c-5860-4a21-b8ed-9112e2be5f4e,5e2e9075-54b8-4479-80b4-93793cf46818,Pickup - Delivery,2,1.00,2.00,2025-07-25 06:08:09.074342+00
398683d0-c29e-4839-b41d-aa7409e4abac,6350fbca-5487-4324-ac98-9d1c26b48918,Children items,32,0.50,16.00,2025-07-25 06:06:30.488051+00
3c74ddbb-f4a5-4259-a6b1-bceb6d5a0516,6350fbca-5487-4324-ac98-9d1c26b48918,Work shirt items,6,1.75,10.50,2025-07-25 06:06:30.488051+00
556a94c4-54cd-4f4f-86de-656649e5f8c1,6350fbca-5487-4324-ac98-9d1c26b48918,Adults items,18,1.00,18.00,2025-07-25 06:06:30.488051+00
2f0165e7-7baa-4728-a75f-3a0a6fa6417a,6350fbca-5487-4324-ac98-9d1c26b48918,Pickup - Delivery,1,1.00,1.00,2025-07-25 06:06:30.488051+00
7241388d-9bd7-447c-ad10-4f62774dc51c,684a55ea-c660-45c5-bbf7-008b66cab1fb,Adult shirt,8,1.75,14.00,2025-10-26 19:12:55.14103+00
e49a611f-4561-432a-9386-d1814304559b,684a55ea-c660-45c5-bbf7-008b66cab1fb,Adults,3,1.00,3.00,2025-10-26 19:12:55.14103+00
b8dc661b-4bb7-45c5-9330-eda6d23ae1b5,684a55ea-c660-45c5-bbf7-008b66cab1fb,Pick up and drop off,2,1.00,2.00,2025-10-26 19:12:55.14103+00
fb8db154-4c2e-4a65-a912-6dcd0f11223b,7314d852-3891-4fad-8a2d-49c1ccd47a7e,House cleaning,4,16.50,66.00,2025-07-31 12:15:56.625132+00
a9805a9c-58ae-467d-a58d-2b4a53735730,7ea5efd7-ed05-41f1-b0b0-f4d1b648f5ec,dress shirts,2,1.75,3.50,2025-10-03 09:48:16.908843+00
397991a3-cab9-4725-80d9-32951107c1e8,7ea5efd7-ed05-41f1-b0b0-f4d1b648f5ec,child items,28,0.50,14.00,2025-10-03 09:48:16.908843+00
3c733c79-eecf-4759-bf92-03e7663d4a42,7ea5efd7-ed05-41f1-b0b0-f4d1b648f5ec,adults,18,1.00,18.00,2025-10-03 09:48:16.908843+00
3035cac8-1faa-4063-b8f6-38a26f4ec779,7ea5efd7-ed05-41f1-b0b0-f4d1b648f5ec,delivery,2,1.00,2.00,2025-10-03 09:48:16.908843+00
c6540f88-c7ea-4de1-937d-3c1e8ed4d411,802174af-0f50-4cf4-8db0-8341b80f8a85,Basic house clean,4,17.00,68.00,2025-09-03 18:45:23.567594+00
171d0c59-510c-462a-90ae-5e9da505fcaa,8034382b-1ddd-4880-959f-c703df6dc935,Adults,27,1.00,27.00,2025-09-20 16:27:13.871497+00
95d736b4-0a56-4df2-8513-5649d622c238,8034382b-1ddd-4880-959f-c703df6dc935,Drop and collect,2,1.00,2.00,2025-09-20 16:27:13.871497+00
bbdae679-fb5a-4912-bc65-280e7d72a563,8034382b-1ddd-4880-959f-c703df6dc935,Shirts,6,1.75,10.50,2025-09-20 16:27:13.871497+00
d28e6f42-4078-40b7-a276-f92e1df164b5,838ad648-0c30-47b2-b186-bffe8e9f30dd,Shirts,5,1.75,8.75,2025-09-04 16:30:23.770758+00
7cc17a7c-6daf-4e02-9683-a9b3e6c99e92,838ad648-0c30-47b2-b186-bffe8e9f30dd,Jeans,2,1.00,2.00,2025-09-04 16:30:23.770758+00
791dad6b-6876-47fc-9d18-5520b13dae01,838ad648-0c30-47b2-b186-bffe8e9f30dd,Bedding - King,1,4.25,4.25,2025-09-04 16:30:23.770758+00
2989d364-5582-422a-9109-b51fd506addc,87c28eda-be44-4d0e-9103-43e333b795ea,Adults,23,1.00,23.00,2025-10-26 19:14:25.065195+00
49ef0703-796a-43d9-8741-6c579599b9b1,87c28eda-be44-4d0e-9103-43e333b795ea,Drop and pick up,2,1.00,2.00,2025-10-26 19:14:25.065195+00
ca95a462-aaba-4253-b8ba-1d1db09efe19,904f6208-04ea-4715-b9d6-d391dbe13f14,House cleaning,3,17.00,51.00,2025-10-03 09:47:34.572812+00
8d1ae00e-264a-497e-9279-fb7491df617e,92db43ed-beb6-4ac7-a1c0-aeed9077174f,Adults,1,1.00,1.00,2025-07-25 06:07:16.368009+00
d342b907-8bc9-4022-bb8b-72962a7c46a7,92db43ed-beb6-4ac7-a1c0-aeed9077174f,Work Shirts,4,1.75,7.00,2025-07-25 06:07:16.368009+00
485b3d3b-f6bf-432d-ae40-ded2b870e5f7,949e33ec-5310-4b68-8969-910a8477c32e,Adults,12,1.00,12.00,2025-07-25 06:09:17.455849+00
e864a9d3-a46f-4fc0-9c16-7f20175c4899,949e33ec-5310-4b68-8969-910a8477c32e,Childrens,8,0.50,4.00,2025-07-25 06:09:17.455849+00
d7020597-f49a-4beb-902d-ac809407e303,949e33ec-5310-4b68-8969-910a8477c32e,Pickup - Delivery,2,1.00,2.00,2025-07-25 06:09:17.455849+00
51b8e2d2-92ac-4932-94b1-08453010f0f3,9c47fcaf-2b0b-4e2b-a0e0-5a79d36da1d0,Adult items,23,1.00,23.00,2025-07-31 05:49:15.558751+00
36f40410-e581-446c-a70f-472b2bc0ff26,9c47fcaf-2b0b-4e2b-a0e0-5a79d36da1d0,Kins size bedding,1,8.00,8.00,2025-07-31 05:49:15.558751+00
d34ba8ee-0fa5-4fe6-a2ee-0b4f4964dc3c,9c47fcaf-2b0b-4e2b-a0e0-5a79d36da1d0,Pickup - Delivery,2,1.00,2.00,2025-07-31 05:49:15.558751+00
7b9f362e-b95a-4fe5-a1e5-1190daf146d6,a3bd9c96-bc5a-4d48-a96e-51c968352653,Shirts,5,1.75,8.75,2025-08-11 19:48:35.338299+00
c92d5091-5648-49d2-9266-57f4096f324d,a3fdd4ce-9b12-45da-b4cb-4b4edbde0d45,Adults,15,1.00,15.00,2025-09-20 16:26:42.173393+00
67a9bee4-581a-4f47-846c-758567822007,a3fdd4ce-9b12-45da-b4cb-4b4edbde0d45,Pick and drop off,2,1.00,2.00,2025-09-20 16:26:42.173393+00
7dea6e70-a626-4287-853c-3ab3b9fb5d89,ab9591f2-86c6-453f-9277-bfa60d86af7e,Cleaning,4,17.00,68.00,2025-09-03 18:46:03.122216+00
4e4972f3-e6ab-497f-888d-4f925c6ad291,b0402367-3240-4d5a-8755-4a3f07e9e4b7,Adults,7,1.00,7.00,2025-10-03 09:47:43.320297+00
6c2a129a-d0b4-4c26-bab7-22c0a53bf18a,b0402367-3240-4d5a-8755-4a3f07e9e4b7,Childs,2,0.50,1.00,2025-10-03 09:47:43.320297+00
558d459d-c51c-40fb-83d5-51badbfcf57a,b210608d-0cdf-4258-9f1e-2a01c5daa7f6,office clean,1,26.25,26.25,2025-10-03 09:47:02.28411+00
a88b6f1f-a30e-49b8-bd44-4eaf289b06b9,b53fcf41-a125-4498-a620-e0dd04d55d3d,House clean full,1,59.50,59.50,2025-07-31 12:15:15.858714+00
d60f9a99-a6d8-4ce1-b56b-9b6d62658dd8,b9836eae-03f3-46b1-8b42-805b11b1c095,Adults,10,1.50,15.00,2025-09-03 18:46:24.346689+00
24a1cb7e-2c32-4f24-82e2-d3baffa7fb55,b9836eae-03f3-46b1-8b42-805b11b1c095,Kids items,20,0.50,10.00,2025-09-03 18:46:24.346689+00
60a19bac-452c-48d4-94c6-fe00d705c87d,b9836eae-03f3-46b1-8b42-805b11b1c095,Pick up and delivery,2,1.00,2.00,2025-09-03 18:46:24.346689+00
1f29b0bb-e824-42c6-8875-248b11dc6cae,bfcb09a6-df08-4953-b8c5-6943ffd8a4a3,trousers,1,1.75,1.75,2025-09-03 18:45:35.139688+00
f31f7a2d-2e00-4443-9df7-52174f8ba100,bfcb09a6-df08-4953-b8c5-6943ffd8a4a3,evening dress,1,1.75,1.75,2025-09-03 18:45:35.139688+00
bac908b9-9312-446c-a423-b5ddae7e1828,bfcb09a6-df08-4953-b8c5-6943ffd8a4a3,kids clothes,16,0.50,8.00,2025-09-03 18:45:35.139688+00
d24aa89f-1b92-4144-83d4-c52e719fc79b,bfcb09a6-df08-4953-b8c5-6943ffd8a4a3,pickup and drop off,2,1.00,2.00,2025-09-03 18:45:35.139688+00
9735b645-b74d-4ce1-b266-a1f2f33e7da3,bfcb09a6-df08-4953-b8c5-6943ffd8a4a3,adults clothes,10,1.00,10.00,2025-09-03 18:45:35.139688+00
f917dc93-317d-4ab3-9baf-2c2d73d6a9c1,c47bb725-387b-4720-b8eb-0a24012e5110,Adults,25,1.00,25.00,2025-10-26 19:14:43.42756+00
461aabcd-ee06-4a3c-b8a9-4fee098a9d24,c47bb725-387b-4720-b8eb-0a24012e5110,Shirts,11,1.75,19.25,2025-10-26 19:14:43.42756+00
08299303-1206-4be2-b820-25e249d982d4,c47bb725-387b-4720-b8eb-0a24012e5110,Pickup and Drop off,2,1.00,2.00,2025-10-26 19:14:43.42756+00
5ee54350-35ff-48da-94eb-c7aa7f4e9ce2,d91d458e-8f60-41dd-8f1e-42a20379a59f,Adults,10,1.50,15.00,2025-07-25 06:08:24.85768+00
6bea80f9-db9c-4df6-af73-50f8dda206a5,d91d458e-8f60-41dd-8f1e-42a20379a59f,Childrens,10,0.50,5.00,2025-07-25 06:08:24.85768+00
4525b598-3fda-4180-979d-833359c025c0,d91d458e-8f60-41dd-8f1e-42a20379a59f,Pickup - Delivery,1,1.00,1.00,2025-07-25 06:08:24.85768+00
b415573c-1b0b-4387-aa66-a949ed6ac404,dd12bfa5-1b45-41e9-8e85-f2c70bd267f5,Adults shirts - blazer,9,1.75,15.75,2025-10-03 09:46:46.766405+00
b7a7fd7e-d284-4608-b1d8-3e379dff8dbc,dd12bfa5-1b45-41e9-8e85-f2c70bd267f5,Pick up and drop off,2,1.00,2.00,2025-10-03 09:46:46.766405+00
42da3f73-8b22-4585-9cf5-9b68b01195d1,dd12bfa5-1b45-41e9-8e85-f2c70bd267f5,Adult garments,13,1.00,13.00,2025-10-03 09:46:46.766405+00
1022351f-6877-4661-b3e3-becb904581b4,de9f0488-6fa1-4b9c-a094-9e0fe2ad29c1,Adults,12,1.00,12.00,2025-07-31 12:15:25.058053+00
b85e4d45-3fd6-4389-9900-efca592c5085,de9f0488-6fa1-4b9c-a094-9e0fe2ad29c1,Childrens,11,0.50,5.50,2025-07-31 12:15:25.058053+00
6aa30dbb-7b05-4edd-ae29-8aeee32859c4,de9f0488-6fa1-4b9c-a094-9e0fe2ad29c1,Pickup and delivery,1,1.00,1.00,2025-07-31 12:15:25.058053+00
d7de2e2a-1859-4040-9c9e-c5d40c37ac50,df386c98-5c0f-4ae1-b186-933dd2de7158,blouses,22,1.00,22.00,2025-09-09 06:23:45.515099+00
151fff37-2dce-4425-933f-3cbb40750f45,e46ad740-e42d-49c7-908f-baf587715064,Full house clean,3,17.00,51.00,2025-09-03 18:45:47.601339+00
e63b46cb-493f-497f-85c6-c795ae1a5ced,e54c0e19-1741-4bac-8616-61502fc116d0,Adults,15,1.00,15.00,2025-07-25 06:09:02.444534+00
0c813c08-dc40-4bad-832f-3bae3320aeb5,e54c0e19-1741-4bac-8616-61502fc116d0,Childrens,17,0.50,8.50,2025-07-25 06:09:02.444534+00
44ef637b-9f57-4253-9ad0-8ad52b63f3be,e54c0e19-1741-4bac-8616-61502fc116d0,Pickup - Delivery,2,1.00,2.00,2025-07-25 06:09:02.444534+00
e040ef45-4aeb-4ad4-b7a2-fc5a8f86b3e6,e6ed21dc-2cc4-4def-ad80-b8988d2a8ff2,Adults,24,1.00,24.00,2025-07-25 06:06:48.164929+00
f120a802-42fe-4891-a8e8-6b47128af22f,e6ed21dc-2cc4-4def-ad80-b8988d2a8ff2,Work shirts - ladies,8,1.75,14.00,2025-07-25 06:06:48.164929+00
0fe43d38-62e0-4bb4-a18e-305babb35dc5,e6ed21dc-2cc4-4def-ad80-b8988d2a8ff2,Childrens,11,0.50,5.50,2025-07-25 06:06:48.164929+00
57bf3525-27e3-4635-84b2-abb780ee0953,e6ed21dc-2cc4-4def-ad80-b8988d2a8ff2,Pickup - Delivery,2,1.00,2.00,2025-07-25 06:06:48.164929+00
08626611-c79e-49e4-bfc4-b8c80078f755,e72d6a81-3483-4305-8443-42b9042560df,Home clean,3,17.00,51.00,2025-10-03 09:48:01.96972+00
9f0a02c6-e7a3-47eb-8cf2-ea4945c4c55c,e854eac9-a6c1-4cde-babd-97f92411af14,End of tenancy clean,6,20.00,120.00,2025-07-25 06:07:36.443864+00
9179cb62-8037-4677-af6e-eebfc1e9a70f,e854eac9-a6c1-4cde-babd-97f92411af14,Fix locks and gate,1,20.00,20.00,2025-07-25 06:07:36.443864+00
d55e79e3-60ac-4235-b1c8-e505deaff4ee,fae40535-20f5-4700-97de-29f6451309b5,House cleaning,4,17.00,68.00,2025-07-31 12:16:27.592162+00
541913f8-c70c-4cfc-8995-19ccdf5d142d,ff517224-eb4f-4cfb-8148-c493ef5298ed,deep clean of site offices,2,17.50,35.00,2025-07-31 12:16:06.185435+00
